year,country_code,value
2005,ARG,0.100479769
2006,ARG,0.101479934
2007,ARG,0.115893384
2008,ARG,0.105639151
2009,ARG,0.107189093
2010,ARG,0.123636201
2011,ARG,0.121804117
2012,ARG,0.122534682
2013,ARG,0.114589649
2014,ARG,0.112343371
2015,ARG,0.104666238
2016,ARG,0.111500843
2017,ARG,0.108843623
2018,ARG,0.097944321
2019,ARG,0.112897859
2020,ARG,0.104470896
2021,ARG,0.108073322
2022,ARG,0.099410422
2023,ARG,0.115384962
2024,ARG,0.119184995
2025,ARG,
2005,BOL,0.091859704
2006,BOL,0.061621563
2007,BOL,0.058457606
2008,BOL,0.059051248
2009,BOL,0.056821563
2010,BOL,
2011,BOL,0.065660705
2012,BOL,0.083295576
2013,BOL,0.096110824
2014,BOL,0.068375143
2015,BOL,0.027722632
2016,BOL,0.100598429
2017,BOL,0.087074575
2018,BOL,0.081434359
2019,BOL,0.095063453
2020,BOL,
2021,BOL,0.073662447
2022,BOL,0.160518525
2023,BOL,0.15936327
2024,BOL,
2025,BOL,
2005,CHL,
2006,CHL,0.17153951
2007,CHL,
2008,CHL,
2009,CHL,0.189422216
2010,CHL,
2011,CHL,0.143903806
2012,CHL,
2013,CHL,0.18795291
2014,CHL,
2015,CHL,0.213175559
2016,CHL,
2017,CHL,0.236853854
2018,CHL,
2019,CHL,
2020,CHL,0.296562775
2021,CHL,
2022,CHL,0.294743549
2023,CHL,
2024,CHL,0.310724635
2025,CHL,
2005,COL,
2006,COL,0.109440898
2007,COL,0.124423156
2008,COL,0.117195704
2009,COL,0.110678858
2010,COL,0.111539685
2011,COL,0.113101019
2012,COL,0.115055698
2013,COL,0.121102931
2014,COL,0.123435224
2015,COL,0.125545032
2016,COL,0.12910534
2017,COL,0.129727793
2018,COL,0.139538947
2019,COL,0.14936482
2020,COL,0.15266911
2021,COL,0.150444524
2022,COL,0.234263605
2023,COL,0.248675847
2024,COL,0.249339819
2025,COL,0.25087946
2005,ECU,
2006,ECU,0.118932722
2007,ECU,0.112966209
2008,ECU,0.122953969
2009,ECU,0.134267623
2010,ECU,0.142346687
2011,ECU,0.138805095
2012,ECU,0.169985619
2013,ECU,0.142431959
2014,ECU,0.134116111
2015,ECU,0.145207413
2016,ECU,0.151106226
2017,ECU,0.160834392
2018,ECU,0.162830917
2019,ECU,0.161988139
2020,ECU,0.166893984
2021,ECU,0.154194429
2022,ECU,0.152671998
2023,ECU,0.160533273
2024,ECU,0.159175982
2025,ECU,0.159714094
2005,LAC,0.083
2006,LAC,0.095
2007,LAC,0.102
2008,LAC,0.101
2009,LAC,0.113
2010,LAC,0.105
2011,LAC,0.113
2012,LAC,0.116
2013,LAC,0.13
2014,LAC,0.121
2015,LAC,0.13
2016,LAC,0.12
2017,LAC,0.128
2018,LAC,0.123
2019,LAC,0.134
2020,LAC,0.154
2021,LAC,0.125
2022,LAC,0.158
2023,LAC,0.147
2024,LAC,0.16
2025,LAC,
2005,PER,0.092756807
2006,PER,0.096930453
2007,PER,0.115073546
2008,PER,0.115352854
2009,PER,0.11642154
2010,PER,0.111021739
2011,PER,0.120712182
2012,PER,0.134953836
2013,PER,0.142683059
2014,PER,0.142457569
2015,PER,0.139248885
2016,PER,0.143733433
2017,PER,0.145608277
2018,PER,0.153265901
2019,PER,0.16484417
2020,PER,0.159240853
2021,PER,0.152892914
2022,PER,0.155105618
2023,PER,0.174241721
2024,PER,0.187097176
2025,PER,0.204176922
2005,PRY,
2006,PRY,0.116519415
2007,PRY,0.118824947
2008,PRY,0.066139182
2009,PRY,0.091612359
2010,PRY,0.072752696
2011,PRY,0.114738057
2012,PRY,0.098209348
2013,PRY,0.141792562
2014,PRY,0.165690046
2015,PRY,0.181235011
2016,PRY,0.156409446
2017,PRY,0.158103531
2018,PRY,0.161980627
2019,PRY,0.185260859
2020,PRY,0.184154568
2021,PRY,0.204793247
2022,PRY,0.191355134
2023,PRY,0.194348336
2024,PRY,0.170022084
2025,PRY,0.029658828
2005,URY,
2006,URY,0.045535984
2007,URY,0.059714115
2008,URY,0.04615368
2009,URY,0.064095278
2010,URY,0.063846627
2011,URY,0.088335875
2012,URY,0.085620136
2013,URY,0.087641015
2014,URY,0.087587289
2015,URY,0.092481262
2016,URY,0.090997216
2017,URY,0.104249795
2018,URY,0.104103271
2019,URY,0.107464125
2020,URY,0.101063726
2021,URY,0.115610875
2022,URY,0.103858838
2023,URY,0.097769632
2024,URY,0.101721471
2025,URY,0.097601379
2005,VEN,
2006,VEN,0.082643824
2007,VEN,0.090326909
2008,VEN,0.099819194
2009,VEN,0.115834719
2010,VEN,0.131401664
2011,VEN,0.151920372
2012,VEN,0.16670489
2013,VEN,0.186747213
2014,VEN,0.199436968
2015,VEN,0.213655402
2016,VEN,0.123973589
2017,VEN,0.135349603
2018,VEN,0.110880135
2019,VEN,
2020,VEN,0.086766134
2021,VEN,0.071023829
2022,VEN,
2023,VEN,
2024,VEN,0.069713314
2025,VEN,
